Customer_ID,Name,Email,Phone,City,Country
1,Kathleen Anderson,cynthiaortiz@conrad.com,4251895291,West Grace,Falkland Islands (Malvinas)
2,Shelia Roberts,wandasolis@yahoo.com,6842343080,North William,United States Minor Outlying Islands
3,Tina Ingram,crystalaustin@carpenter.info,3040081125,Sandovalton,Timor-Leste
4,David Thompson,wyoung@yahoo.com,9707804218,New Deborah,Bulgaria
5,Steven Hernandez,robertsonandrew@yahoo.com,7319297863,Jessicahaven,Kenya
6,Edward Wade,xhampton@hotmail.com,7860892943,Romeroberg,Eritrea
7,Shawn Cruz,pjenkins@daugherty-bean.info,6074107120,Calebstad,Pakistan
8,Chad Morris,ashleymiller@long.com,2535350201,West Laurabury,Saint Pierre and Miquelon
9,Walter Lee,cindy01@hotmail.com,2389893769,Benjaminbury,Puerto Rico
10,Kerry Huff,christhomas@anderson.com,8078310518,Stoutfort,Montenegro
11,Amy Bates,ycamacho@reed.com,4610209997,East Mackenzie,Hungary
12,Amy King,sreynolds@carr-beasley.com,1411843646,Port Lindseyland,French Southern Territories
13,Joseph Brown,tiffany23@hotmail.com,6276393874,Port Michael,Mali
14,Misty Freeman,kolson@yahoo.com,3189538271,Melissaborough,Thailand
15,Alicia White,wperez@gmail.com,4672307837,Thomasside,Montserrat
16,Ethan Stephens,dschneider@yahoo.com,7489768524,West Tracy,United States of America
17,Andrew Gonzalez,shannon56@thornton.biz,5628849371,Robertberg,French Guiana
18,Terri Murillo,ryanshepard@anderson-kaufman.com,2348510552,East Andrewborough,Somalia
19,Allison Garcia,abigail65@barry.org,7885182947,Joseshire,Monaco
20,Heather Evans,sharpharry@yahoo.com,7620384597,North Susanfort,Morocco
21,Robert Patterson,tinarichardson@gmail.com,5227502929,Timothytown,Bosnia and Herzegovina
22,Zachary Weeks,aburns@gomez-lewis.com,1229761655,Adamside,Congo
23,Lauren Sullivan,shortcarla@gutierrez-mcneil.com,9475695009,Lake Ashley,Hong Kong
24,Wanda Kemp,knoxmichael@fernandez.com,2493194842,Port Cindy,Romania
25,Annette Stark,dmoore@yahoo.com,3915993427,South Ronald,Kyrgyz Republic
26,Tony Wallace,ashleymoore@gmail.com,4282760208,New Ashlee,Guinea
27,Melinda Ramirez,matthew28@hotmail.com,8898948938,Rebeccaborough,Antigua and Barbuda
28,Stephanie Jenkins,irwinmichael@rowe-morris.com,4130334978,Halltown,Saint Pierre and Miquelon
29,Alicia Ortiz,markbaldwin@hotmail.com,3579725458,Port Madison,Aruba
30,Ashlee Russo,ronaldjones@dean-fisher.info,4290110418,East Meganfort,British Indian Ocean Territory (Chagos Archipelago)
31,Nicole Jordan,youngmark@adams.biz,7503288362,Lake Abigailborough,Tanzania
32,Elizabeth Ramirez,nbarry@hernandez.com,5230538502,Tracyborough,Panama
33,Karen Hicks,thomaswong@gmail.com,9797483047,Karlfurt,Sudan
34,Karen Tran,brittanyortiz@buck.org,7972846430,Robinfort,Lesotho
35,Charles Martinez,freynolds@hotmail.com,3866492087,North Paul,Korea
36,Alice Delacruz,rodriguezmatthew@hotmail.com,8615155242,North Gregoryshire,Mexico
37,Nicholas Martin,andersonisabel@hotmail.com,5272597211,Lake Kyliehaven,Dominican Republic
38,Meghan Douglas,susan02@hotmail.com,3594581912,South Katherineborough,French Polynesia
39,Heidi Chung,tracy28@hotmail.com,3199809464,Barrerafort,Bosnia and Herzegovina
40,Rachel Sanchez,cshepherd@wheeler.com,4456006953,West Stevenside,Syrian Arab Republic
41,Patricia Macdonald,ddavidson@wolf.info,2207610315,Doristown,Qatar
42,Sean Anderson,mary34@gmail.com,8591123643,Lake Stacey,Cameroon
43,Jessica Stewart,huberallison@wilson.com,1202604106,Heidichester,Cyprus
44,Christopher Smith,dmcdonald@allen.info,1806019622,Harrischester,Korea
45,Peter Cruz,cynthiacamacho@gmail.com,1833097958,Robertstad,Italy
46,Tiffany Williams,davidhernandez@hotmail.com,7479644910,Stephenchester,Mozambique
47,Richard Ellis,pittmansuzanne@pitts.com,2439209354,East Kennethfurt,Philippines
48,Kathryn Gutierrez,melissafernandez@yahoo.com,8897546093,Port Amystad,Slovakia (Slovak Republic)
49,Mary Williams,randy94@yahoo.com,8926083024,Port Angelashire,Puerto Rico
50,Tyrone Craig DDS,eking@moore-mcgee.com,8672436968,Davisview,Myanmar
51,Lauren Barnes,austin49@hart.com,3722897485,Lake Richard,Hong Kong
52,Donna Watson,sweeneyerika@olson-henry.com,5438644450,Ricemouth,Belgium
53,Tim Bryan,whiteelizabeth@tate.biz,6928006693,Smithton,Christmas Island
54,Jennifer Payne,christine45@martin.com,1134877428,East Daniel,Singapore
55,Elizabeth Novak,bhill@parker.com,8084528558,West Jacob,Benin
56,Richard Strong,francis75@jacobs.org,8132138635,Turnerside,Samoa
57,Pamela Abbott,hendrixbradley@hotmail.com,5722578593,New Rebecca,Ecuador
58,John Wyatt,thomasgarcia@holt.net,8815569847,Murphytown,Dominican Republic
59,Kenneth Munoz,jamesmartin@gmail.com,1734267087,New John,Libyan Arab Jamahiriya
60,David Solis,blevinskatie@gmail.com,9570798054,North Alexandermouth,Eritrea
61,Jesse Lopez,michael29@yahoo.com,9531601493,New Karenhaven,Estonia
62,Christie Armstrong,michelle87@ward-weaver.com,2911520477,Port Toddstad,Kiribati
63,Christopher Mann,millerashlee@hotmail.com,1965179846,New Erinton,Sierra Leone
64,Michael Morris,matthewking@nelson-carter.org,4611530241,Boltonbury,Swaziland
65,Carlos Barrett,shannon88@rush.com,1090651123,East Scottbury,Dominica
66,Michael Jones,bvargas@gmail.com,1435656551,Lake Thomasstad,Kuwait
67,Tammy Hunt,bishopalexander@yahoo.com,8456914629,North Joshuaborough,Thailand
68,Michael Gibson,heidi08@jennings.info,1507583294,New Aaron,Gambia
69,Anthony Rivera,marc38@fletcher.com,2470157456,East Kimberly,Tunisia
70,Edward Pena,ilee@yahoo.com,1363330111,Loweside,Iran
71,Tiffany Wolf,sjordan@yahoo.com,3585661227,Tinaport,Bulgaria
72,Robert Fuentes,hunterjose@gutierrez.info,1945671268,Tabithaton,Congo
73,Krystal Martin,charles04@hunt.com,2225271239,Suttonland,Equatorial Guinea
74,Lauren Brown,moorejamie@yahoo.com,4486875388,Kristinborough,Costa Rica
75,Beverly Chang,stacyhendrix@bell-simmons.com,3207719964,Lake Alison,United States Minor Outlying Islands
76,Andrea Jefferson,stevenweaver@hotmail.com,6685384538,New Michaelfurt,Antarctica (the territory South of 60 deg S)
77,Martin Thompson,alexanderanthony@sanchez.com,3474748600,New Rickyport,Madagascar
78,Brittany Lowe,jkelly@smith-barker.net,4873261421,North Anthonyview,India
79,Victoria Garrett,bartonpaige@gmail.com,1395940739,Reynoldsmouth,British Indian Ocean Territory (Chagos Archipelago)
80,Tiffany Bright,jenniferalvarez@yahoo.com,4334767938,Howardmouth,Gambia
81,Kathleen Randall,jasonrodriguez@turner-preston.com,1313024663,New Josephview,Dominica
82,Brittany Peters,raguirre@young.com,1634789384,East Christianmouth,Peru
83,Dr. Alice Sanders,cscott@lopez.biz,3161893461,Gregside,Sudan
84,David Spears,kathleenhunter@lynn-roberts.com,7520349897,Joseville,Syrian Arab Republic
85,Christopher Hoffman,jameshunt@howell.com,9261519420,East Davidview,Dominica
86,Melanie Randolph,emmadavis@benson.org,9872071552,Haleymouth,Italy
87,Michael Perry,christopherhampton@hotmail.com,7291211061,Lake Emilybury,Wallis and Futuna
88,Michael Waters,danielford@fox.com,4173155289,Perezborough,Venezuela
89,Mary Jones,smithkelly@yahoo.com,2056079888,Marcusburgh,Togo
90,Jacob Mccoy,iwilson@yahoo.com,6343585562,West Jorge,Morocco
91,Vincent Moore,manuel25@gmail.com,8792633953,Tinaside,Sierra Leone
92,Amy Mccoy,ryan96@hotmail.com,9826455274,Davidport,Brunei Darussalam
93,Andrew Hall,ygraham@yahoo.com,1771984250,Shannonfort,Equatorial Guinea
94,Dr. Charles Gordon,mcgeedonald@yahoo.com,4441803150,Jonathanmouth,Guatemala
95,Nina Phillips,whiteteresa@gmail.com,6496935483,East Amanda,Antarctica (the territory South of 60 deg S)
96,Stacy Evans,prestonsimpson@ibarra-young.com,4837423352,Danielletown,Saint Lucia
97,Michelle Davis,jburnett@hotmail.com,4222687279,East Melissashire,Mongolia
98,Eric Bell,ryanhays@hotmail.com,7648402030,West Davidshire,Somalia
99,Savannah Schneider,usmith@yahoo.com,4128892286,Lake Javierhaven,Germany
100,Pamela Martinez,jamesholloway@hotmail.com,2096028870,North Dean,Macao
101,Chelsea King,qgonzalez@white-gray.com,4744894264,Wilsonview,Indonesia
102,Tina Phillips,sanchezrenee@yahoo.com,1321662251,Port Mary,Norfolk Island
103,Lisa Burch,mbarton@yahoo.com,3270116241,East Ronaldfort,Lebanon
104,Brittany Wilson,jeffrey27@yahoo.com,2888404936,West Anna,Solomon Islands
105,Amy Clarke,sally28@gmail.com,5850984837,Port Carol,Finland
106,Howard Allen,ywarren@ortega.org,9138340287,East Kimberly,Dominican Republic
107,Ryan Martinez,linda86@gmail.com,8969603196,North Amy,Tajikistan
108,Raymond Rose,rileyalex@hotmail.com,9780070291,Port Stevenmouth,Mexico
109,Mr. Tim Pollard,glenn39@yahoo.com,6686593550,Robertview,New Caledonia
110,Kaitlyn Young,josephberry@hotmail.com,2191772999,Lake Andrewfort,Equatorial Guinea
111,Jennifer Richardson,sandersfrancisco@cantrell-woodard.com,3094963495,Mitchellchester,Macao
112,Shawn Lee,wreynolds@estrada.info,2310507276,Austintown,Saint Barthelemy
113,Ricky Garcia,oholt@lambert.net,3361156118,Sheilastad,Solomon Islands
114,Peggy Collins,michael63@atkinson.info,2238846042,Jonathanville,Ghana
115,Dennis Bond,erin28@hotmail.com,1277243914,New Norma,Congo
116,Michelle Rodriguez,kimberly24@yahoo.com,5487819121,Robinmouth,Jamaica
117,Dr. Sarah Maxwell,jennifermack@holder-brewer.net,2663220189,Theresaberg,French Guiana
118,David Williams,tgriffin@webb.org,6372280207,West Steven,Cuba
119,Justin Church,floreskurt@mccoy-conner.info,5234606870,Stevenstad,San Marino
120,Nathan Young,larry33@yahoo.com,7540387271,Thomashaven,Turks and Caicos Islands
121,Casey Lee,vanessaharrison@hotmail.com,2322085604,Lloydhaven,Portugal
122,Kelli Cummings,lortega@hotmail.com,5032433375,Andersenburgh,Lebanon
123,Anthony Hughes,smitchell@weiss-williams.biz,7151914596,Ryanstad,Australia
124,George Jacobson,erin71@yahoo.com,2551641771,Deborahshire,Bahrain
125,Scott Sanchez,mary06@hotmail.com,5159539402,East Christinehaven,French Polynesia
126,Lauren Kelley,ashleyharrison@hotmail.com,5492391890,Davidfurt,Guinea
127,Robert Haas,johnmoyer@yahoo.com,2346002521,Brandonside,India
128,Bailey Myers,brittany22@oneal.net,6086864752,Smithview,Syrian Arab Republic
129,Misty Ray,pattersondarrell@bautista-benjamin.com,8586085195,Dunnmouth,Armenia
130,Danielle Sullivan,courtney34@payne-murphy.biz,3692050195,Kellyport,Indonesia
131,Kyle Spencer,howelldenise@hodges.biz,8260882834,Lake Jameschester,Heard Island and McDonald Islands
132,Glenn Mccoy,weberrobert@hotmail.com,6591463596,Hartview,Belgium
133,Pamela Jordan,josephgreen@fernandez-cervantes.info,2773438770,West Deborah,Morocco
134,Jillian Hernandez,anthony90@gmail.com,5056936020,Potterburgh,Haiti
135,John Cherry,nicholsonashley@gmail.com,5854462120,Lake Charles,New Caledonia
136,Dr. Jillian Green,bakershannon@jackson-sanchez.com,2926759132,Victorshire,Lithuania
137,Jerry Mays,joseph65@gmail.com,6943881672,Tonyaberg,Guam
138,Eric Morales,rsmith@hotmail.com,9291026397,Morrisbury,Trinidad and Tobago
139,Charles Owens,hartmanheather@bryant.net,8545534103,Jefferyville,Panama
140,William Cordova,wscott@yahoo.com,7667140247,Port Christopherberg,Chad
141,Kelly Juarez,john38@yahoo.com,4198721271,West Samuelshire,Chile
142,Henry Henry,danawest@hotmail.com,3409182275,Richardport,Uganda
143,Erin Payne,michelejuarez@palmer.com,7980189211,Port Catherinemouth,Madagascar
144,Trevor Stone,sherri83@levy.com,6753911778,South Darryl,Solomon Islands
145,Steven Smith,duncandustin@hotmail.com,2587181645,New Joseph,Equatorial Guinea
146,Rhonda Grant,adamsjennifer@ayala-carson.info,1957907771,Joshuashire,Mauritius
147,Tammy Delacruz,qlarson@thomas.com,1710474630,West Sarah,Norway
148,Erin Evans,ucollins@yahoo.com,4761287131,Smithborough,Liberia
149,Ryan Carter,jessicakerr@guzman.com,2581161682,Williamsborough,Finland
150,Amy Haynes,alfred12@reilly-walsh.com,5868922958,New Phillipstad,Gambia
151,Hector Anderson,cadkins@thomas-martinez.com,5532302646,Mariamouth,Cape Verde
152,Aaron Allen,sarahmyers@yahoo.com,6312349595,South Jason,Romania
153,Robert Clayton,felicia38@green.com,2960045283,Port Margaret,Mali
154,Sheryl Nguyen,hicksdarin@jackson.com,4693404147,West David,Djibouti
155,Sylvia Harrell,courtneyjoseph@thompson.com,9425199877,Coryville,Jamaica
156,Philip Leon,scottsweeney@yahoo.com,3358218697,Alexbury,Mali
157,Alicia Franklin,ngalloway@gross.com,4536535548,Leebury,Saint Kitts and Nevis
158,Heather Moore,myersgary@hotmail.com,2604655972,Brownview,Eritrea
159,Angela Cooper,deniseadams@yahoo.com,7320069479,South Carol,Jersey
160,Mr. Todd Williams,katherine42@gmail.com,9302736150,Danielleland,Anguilla
161,Angela Nguyen,linda40@gmail.com,6446162713,Port Martin,Honduras
162,Zachary Moreno,myersmatthew@yahoo.com,5580990842,Martinmouth,Liechtenstein
163,Sharon Taylor,gregorymelinda@hale.biz,7070025344,Suzannemouth,Netherlands
164,Kevin Edwards,pfuller@yahoo.com,5494392665,South Jonathan,Malta
165,Jennifer Mills,michael20@gallagher-williams.org,3996841412,Riveraburgh,Serbia
166,Jason Leach,ryanandrews@hotmail.com,6012442026,North Laura,French Southern Territories
167,Christine Greer,davidtran@pearson.com,7426933216,Hollystad,Western Sahara
168,Patricia Chen,coreyharding@yahoo.com,4555040774,Zamorahaven,Equatorial Guinea
169,Peter Carter,sean26@brown.com,9091275057,Elizabethmouth,Lithuania
170,Jennifer Jenkins,angelaspence@hotmail.com,2803561139,New Benjamin,Syrian Arab Republic
171,Taylor Gates,jason89@yahoo.com,4167910918,Zimmermanview,Uzbekistan
172,Jacob Miller,toddmurphy@hotmail.com,9774087595,Danielhaven,Zimbabwe
173,Amanda Heath,herrerajessica@gmail.com,3105157140,Donaldtown,Cyprus
174,Carrie Cross,bryangilbert@hotmail.com,5396002783,Jamieton,Marshall Islands
175,Christine Lee,nblack@yahoo.com,2376455466,Amandafort,Guinea
176,Ray Elliott,shannon12@nunez.com,4164765326,North Jenniferfort,Peru
177,Kathleen Johnson,brandi64@barber.com,7332344843,Paulmouth,South Africa
178,Gina Wright,ksmith@yahoo.com,5225069652,West Carmenburgh,United Kingdom
179,Kimberly Nguyen,gilmoretimothy@chung.com,7000795527,Ariasmouth,New Zealand
180,Mike Horn,lserrano@hotmail.com,1109419575,Patrickside,Benin
181,Kristopher Salinas,barrtyler@hotmail.com,4956252738,South David,Mayotte
182,Anna Smith,lucasdawn@reid-lopez.com,8405187637,West Danielchester,Somalia
183,Lucas Chan,jhansen@yahoo.com,6675343226,West Joechester,Senegal
184,John Patel,ogalvan@fletcher.com,4745016271,Kimberlyshire,San Marino
185,Michael Delgado,whitney38@gomez.com,6678241355,New Breannahaven,Syrian Arab Republic
186,Hannah Steele,grantdavid@gmail.com,2972139688,East Sara,Canada
187,Elizabeth Barrett,judithhammond@yahoo.com,8888237880,Harrisonfort,British Indian Ocean Territory (Chagos Archipelago)
188,Keith Odonnell,meyerstephen@li.com,4676479561,Danielburgh,Saint Lucia
189,Lori Spence,castanedaanne@hill-schmitt.com,3479439380,South Lauramouth,Puerto Rico
190,Kathleen Wilson,amandamckenzie@yahoo.com,8524915486,Dustinland,Djibouti
191,Lisa Foster,emilyphillips@lester.com,1756569172,Port Elizabeth,Uganda
192,Stanley Lewis,mmason@hotmail.com,1621431633,Julietown,Saint Kitts and Nevis
193,Wendy Le,rachel92@guzman.info,8618586721,South Davidtown,Nicaragua
194,Mrs. Stephanie Stewart,billyjones@hotmail.com,2716505714,North Cindyberg,Jersey
195,Sarah Zuniga,laura49@yahoo.com,2558662501,Richardsonfort,Gambia
196,John Padilla,ihayden@griffin.com,3895481308,Lake Marymouth,Burundi
197,Janice Hernandez,lavery@gmail.com,6679233805,Cherylfort,Kazakhstan
198,Danielle Morrow,samantha26@gmail.com,3604400789,Lauriemouth,Paraguay
199,Nicole Kemp,djohnson@whitaker.net,8700458578,Davidview,Saint Lucia
200,Stephanie Cooper,samuel93@mcbride-peters.com,4735856936,West Nicholas,Turks and Caicos Islands
201,Jesse Clayton,adam29@moore.com,4458701555,Lake Richardchester,Zimbabwe
202,Heather Gonzalez,howardmatthew@davis.com,6304951877,East Nathanport,Algeria
203,Destiny Allen,patelronald@gmail.com,6636086476,Port Davidmouth,Ghana
204,Robin Johnson DVM,kellydaniels@prince.com,2045273478,West Carriemouth,Japan
205,Rebecca Cruz,jennifer00@levine.com,8853242737,Justinville,China
206,Jamie Lewis,vmorales@garcia-owen.info,8616414956,Port Darrellfort,Netherlands
207,Toni Evans,xmurillo@gmail.com,1778433282,Garrettfurt,Brazil
208,Christian Evans,sonya10@yahoo.com,4913484382,North Patrickberg,Mongolia
209,Tiffany Wright,clarkrodney@kim.com,7713725236,Jonesstad,Saint Martin
210,Stephanie Bowman,crodriguez@allen.info,4566582518,North James,Mongolia
211,Joel Marks,bryan66@wood.com,5776876770,East Dianaton,Albania
212,Susan Brown,thorntonchristina@yahoo.com,8247253088,Beckville,United States Virgin Islands
213,Tyler May,owenspamela@moore.com,8501685756,New Anita,Iraq
214,Mindy Roberts,gford@jordan.com,1414197073,Longstad,Greenland
215,Brandon Waters MD,gina73@roberson-stone.net,5184131589,Josefurt,Italy
216,Ronald Fernandez,hubbardaustin@gmail.com,2813501746,Jonesland,Korea
217,Fernando Frey,elizabethclark@gmail.com,7262586082,North Shannonshire,Jersey
218,Rhonda Mitchell,vanessamartin@moyer.com,2994360948,Brownville,Vanuatu
219,Jonathan Banks,uwalter@williams.net,5203127946,Garyland,Burundi
220,Katelyn Vega,michael34@hotmail.com,7642092700,North Karenville,Thailand
221,Tammy Gentry,donald61@burgess-wilson.com,4769670911,East Amber,Wallis and Futuna
222,Terri Carson,christina66@everett.com,9030990392,New Tinashire,Swaziland
223,Joseph Bond,danielsmason@hotmail.com,1549153492,Lake Andreaport,Paraguay
224,Scott Berry,micheleclarke@hotmail.com,6278378223,Cuevasville,Thailand
225,David Padilla DVM,rodriguezlisa@hotmail.com,3144029757,Jameston,Moldova
226,Brianna Collins,martinhammond@miller-oliver.com,7318657675,Mcdonaldbury,Luxembourg
227,Victoria Jenkins,don97@gmail.com,2853591160,Port Patricia,Greece
228,Deborah Garrett,taylorlynn@wong.com,6810462519,North Joshua,Bulgaria
229,Adrian Powell,jenkinspam@gmail.com,5035487704,Port Joshuamouth,Kiribati
230,James Wallace,iperkins@cummings.info,7765126036,Port Amandafurt,Malaysia
231,Linda Walker,jennywheeler@costa.biz,2997559677,West Michaelstad,Uzbekistan
232,Charles Mccormick,carlos87@johnson-williams.com,3840980490,Bryantbury,Bahrain
233,Donna Leblanc,john46@reyes.com,3844895221,East Keith,Uzbekistan
234,Thomas Lewis,jose33@yahoo.com,5258302764,Jessicachester,Tunisia
235,Richard Melendez,fgray@boyer.net,7528292948,Wilsonberg,French Polynesia
236,Daniel Morris,millerarthur@hotmail.com,4924330379,Kellystad,Trinidad and Tobago
237,Joshua Hernandez Jr.,allisonferguson@yahoo.com,9013555041,South Margaret,Mali
238,Leslie Hernandez,mcleanjulie@hotmail.com,4337881198,North Heatherview,Congo
239,Jeffrey Willis,lauren49@yahoo.com,1743743618,Brownmouth,Senegal
240,Samantha Waters,bking@hotmail.com,6225318846,Chelseafurt,Antarctica (the territory South of 60 deg S)
241,Terry Giles,deniseorozco@clark.biz,1462094819,North Robyn,Saint Lucia
242,Nichole Webb,shaun05@gmail.com,8887615985,Morrisfurt,Singapore
243,Rebecca Thomas,linda72@smith.com,7667397540,Lake Angelica,Slovenia
244,Taylor Long,amylopez@yahoo.com,2454199061,West Lauren,Malta
245,Robin Hart,michaelgonzales@blankenship.com,5989247510,West Derrick,Kuwait
246,Wayne Krause,johnbrown@yahoo.com,3777511354,New Daniel,Malta
247,Sarah Ramsey,simpsonsara@cox.com,8662694379,Peterston,Reunion
248,Dean Salazar,teresa98@fisher-barnes.org,8004416797,South Lisa,Mali
249,Bryan Valenzuela,alyssaward@dyer.org,2733039438,Tammychester,Madagascar
250,Jeffrey Scott,jacobmason@hotmail.com,6989372110,Port Amy,Benin
251,Andrea Davis,steven63@gmail.com,2226267999,East Holly,Egypt
252,Ian Jones,fischercolton@hotmail.com,3628429261,Snyderfurt,Kiribati
253,Jessica Miller,andrewwerner@hughes.com,9648490737,Erictown,Korea
254,Hayden Woodard,michael15@campbell-adams.com,9070983524,Boothmouth,Indonesia
255,Katherine Brown,deborahadams@hawkins.com,9358158975,Whiteberg,Zambia
256,Kendra Carlson,kristenmoran@jones.info,2296784709,Robertsburgh,Mauritius
257,Amber Stewart,lucassmith@ramirez-hayes.org,4758025112,East Bruce,Isle of Man
258,Sally Jones,mitchell49@hotmail.com,2638758077,New Nathan,Canada
259,Kimberly Johnston,preston82@munoz.com,4654948974,East Clintonhaven,Kyrgyz Republic
260,Sheri Patel,ewalker@gmail.com,1475765573,Port Emily,Marshall Islands
261,David Byrd,roberttaylor@williams.com,9282037478,Garciaton,San Marino
262,Ryan Downs,melissa64@harris-lewis.com,8815694978,New Pamelabury,New Caledonia
263,William Osborne,richardrobinson@vance.com,4852963047,Perezfurt,China
264,Leah Parker,olawson@kim.biz,3068432378,North Troyfurt,Sudan
265,Hannah Grant,khendricks@yahoo.com,9870204757,West Richard,Benin
266,James Graham,ericestrada@hotmail.com,4243908263,Port Philip,Djibouti
267,Charles Avila,dickersonrebecca@gmail.com,2146056154,Churchberg,American Samoa
268,Terry Lewis,cindy75@gmail.com,9243790759,Smithton,Montserrat
269,Jonathon Butler,shawnryan@hotmail.com,5284976213,Josephtown,Nepal
270,Samuel Pittman,ralvarez@cook.info,1921332171,Mathistown,Hong Kong
271,Mrs. Erika Griffin,baldwinmichael@hunt-armstrong.com,9035310504,New Bryceport,Montserrat
272,Angela Gibson,wlee@yahoo.com,7548346134,Stephanieberg,Vietnam
273,Michael Phillips,michelle36@hotmail.com,3021771655,Robertport,Palau
274,Crystal Anderson,kristina84@gmail.com,6169302955,New Steven,Seychelles
275,Kristy Leach,ncollins@yahoo.com,7521816860,North Jasonborough,Namibia
276,Michael Day,thenderson@williams-fischer.com,1432379262,West Nancyshire,Djibouti
277,Nicholas Stanley,danny53@hotmail.com,7757692261,Jacquelineside,Grenada
278,Mark Robinson,taylormichelle@nichols.info,9692646163,East William,Slovenia
279,Courtney Bradford,afischer@bryan.com,8500737376,Mooreshire,Tuvalu
280,James Curry,wbaker@chavez-haney.com,4603417506,Lake Ashley,Eritrea
281,Keith Williams,pereznathan@gmail.com,3299141317,South Nancyview,Egypt
282,Jeremy Martin,hollyperez@yahoo.com,9519116081,North Williammouth,Guatemala
283,Nicole Perez,twalker@anderson.info,9092580567,Johnsonbury,Rwanda
284,Mark Johnson,martinezmichael@collins-willis.com,9897030711,Samanthaport,Brazil
285,Cheryl White,davispatricia@howard.net,3230118105,Rodriguezshire,San Marino
286,Natalie Romero,bradsutton@burnett-mccarty.com,2736795763,New Ericberg,Burundi
287,Kristina Vincent,watkinsana@gmail.com,7584608109,Nicolefurt,Saint Kitts and Nevis
288,Randy Perkins,hannah93@owens.com,7217328653,East Tina,Comoros
289,Thomas Freeman,barbaraowens@lynn-williams.com,3218187823,Phillipmouth,Comoros
290,Margaret Raymond,rcarter@hotmail.com,2655789823,Bullockville,Reunion
291,Keith Sellers,jennifer82@hendricks.com,4564759112,Holmesville,China
292,Robert Friedman,marcus90@fischer-haynes.info,3342699437,New James,Slovenia
293,James Mcmillan,allisonchelsey@fitzpatrick.com,9505809225,Williamsmouth,Timor-Leste
294,Aaron Henderson,lisa99@yahoo.com,8495847599,North Alexisport,Taiwan
295,Jillian Hamilton,ryanreid@yahoo.com,8661566929,Lake Cynthiashire,Georgia
296,Ruben Little,cynthia93@jones-burch.com,4792531055,Gillburgh,Singapore
297,Brooke Hernandez,caitlinschwartz@parker.com,5213083034,Carterside,Czech Republic
298,Heather Murphy,jessicawolf@yahoo.com,2989615810,Ballardberg,Martinique
299,Elizabeth Jones,bradleytara@wilson.net,3553741885,Espinozaland,Svalbard & Jan Mayen Islands
300,Kimberly Vargas,wstark@hotmail.com,6965529319,West Amy,Romania
301,Natalie Yu,jordandavis@gmail.com,3411884419,Rodriguezborough,Niger
302,Amanda Newman,alice79@gmail.com,5171304874,South Kyle,Montserrat
303,Kyle Spears,william40@johnson-cook.biz,2705680901,North Michaelton,Ecuador
304,Theodore Cisneros,qfisher@gmail.com,3469010031,Lake Andrewfurt,Cape Verde
305,Susan Thompson,cmiller@miller-taylor.org,5026206766,New Alexisborough,Belize
306,Anthony Allen,patriciareed@yahoo.com,9196398205,West Kathryn,Turkmenistan
307,Mark Wheeler,courtneyvillanueva@yahoo.com,8542411141,Morrisonside,El Salvador
308,Dr. Lauren Tran,sarahcortez@dunn.info,3701113241,Port Jamesville,Kyrgyz Republic
309,Tyler Miller,susanjones@costa.net,7083878399,Gallagherfurt,Saint Kitts and Nevis
310,Kimberly Bishop,sheasheila@logan.com,8057582268,South Amy,Hong Kong
311,Jill Stuart,williamcox@pollard.com,4031765119,East Alyssa,Belize
312,Walter Perez,christopher25@stone.com,3290397852,Erinbury,Dominican Republic
313,Erin Wood,johnsanford@hotmail.com,5397827755,North Ashleyland,Macao
314,Marvin Vega,vjohnson@martin.biz,8366780764,Jacobville,Bahrain
315,Dustin Cruz,andreabarker@gmail.com,6568010671,New Matthewbury,Saint Pierre and Miquelon
316,Deanna Montgomery,xcole@salinas.com,6744519409,Kennedyberg,Colombia
317,Jesus Ferguson,nancy49@hotmail.com,3646566969,New Valerie,Saint Barthelemy
318,Daniel Green,christian18@wilson.biz,3796028581,Jerryburgh,Pakistan
319,Taylor Shannon,gary98@gmail.com,4234998626,Beasleyfort,Falkland Islands (Malvinas)
320,Darren Barnes,lisa28@lyons.net,4939621614,Josemouth,Brazil
321,Dr. Norma Turner,adammoore@yahoo.com,6478225161,New Tabithabury,Hungary
322,Samuel Long,williamsronald@yahoo.com,5585739217,South Georgeville,Iran
323,James Williams,bmarquez@smith-jennings.com,7700910978,Rickburgh,Greenland
324,Andrew Booth,amandachung@patterson-harrison.net,9641319934,Lake Martin,Northern Mariana Islands
325,Andrew Gibson,vreyes@gmail.com,4293623487,Lake Patriciaberg,Guinea
326,Robert Carter,brandon11@gmail.com,9784905697,North Jennifer,Guam
327,Tristan Chen,danielparker@hotmail.com,5727566524,Leonmouth,Congo
328,Jessica Flores,lsmith@steele-wilson.com,9416013896,New Robertbury,Iran
329,Daniel Huynh,reneeturner@miller-howell.com,4604704831,New Sarahland,Congo
330,Joshua Mejia,connie38@hotmail.com,3447799355,North Linda,Bermuda
331,Belinda Wells,jasonthomas@yahoo.com,5630773100,Port Don,Monaco
332,Omar Martinez,nathaniel40@hotmail.com,8598669997,South Alexandriashire,Bahrain
333,Kelsey Brewer,phillipsalan@hotmail.com,4311734284,Garciahaven,British Virgin Islands
334,Leslie Pitts,michael17@greer.com,9709397619,Martinezview,Luxembourg
335,Christopher Gomez,stephenfrey@hotmail.com,7650570725,North Sandyport,United States of America
336,Benjamin Guerrero PhD,vincentjones@smith.info,8647240161,Thompsonstad,Guinea
337,Sarah Williams,yhughes@hotmail.com,6801158186,Port Jonathan,Brazil
338,Sarah Gould,nicole74@zimmerman-thompson.net,6838231407,Chavezshire,Luxembourg
339,Ross Fisher,jennifercollins@ramirez.com,2214553070,Blankenshipview,Spain
340,Douglas Jacobson,changsamuel@cisneros.net,2942560239,Jordanfort,French Southern Territories
341,Katrina Ross,pschneider@yahoo.com,7001149713,East Pamelaberg,Christmas Island
342,Michele Harper,douglaslester@randolph.biz,1046013350,Lake Isaiahberg,New Caledonia
343,Natalie Lee,adam74@williams-thompson.com,3936646768,Ortizville,Jordan
344,Pamela Monroe,deborah26@hotmail.com,7410950858,Deniseland,Malawi
345,Stephen Kelly,alisonvilla@sweeney.biz,9962220295,Hernandezland,Japan
346,John Zhang,barbertrevor@yahoo.com,9894248692,West Mariebury,Namibia
347,Patrick Nelson,rodneysimpson@gmail.com,3475629927,New Staceystad,Djibouti
348,Elizabeth Lee,mosesrobin@ford.biz,3532889117,New Stacyview,Uzbekistan
349,Nathan Brown,harrisdavid@cain.com,9890095221,Vegaborough,Latvia
350,Christopher Williams,ericmack@hill.com,2103360983,Campbelltown,Saint Kitts and Nevis
351,Jennifer Clay,matthew29@gmail.com,9833631076,Lake Stephanieside,Trinidad and Tobago
352,Timothy Rodriguez,danielle36@yahoo.com,9609955991,Rodriguezburgh,Saudi Arabia
353,Christopher Robinson,luisgoodman@hotmail.com,4078472765,Hannahburgh,Martinique
354,Rachael Marks,george55@brown.com,7971768669,Jamieborough,Cook Islands
355,Dr. Chad Harrington,michael83@reyes.biz,5365982496,Ryanmouth,Micronesia
356,Carla Davis,mzimmerman@ballard.org,3094588937,Robertland,Nauru
357,Allison Moore,marksisaiah@mcdonald.com,4236193469,South Jodihaven,Saint Martin
358,Jennifer Roberson,milesandrew@cole-kirby.com,5706103976,New Rita,Saint Helena
359,Alison Lowe,susan25@perkins-warren.com,4823791298,Lake Patrick,Gibraltar
360,Carlos Peters,paulmartinez@skinner.com,5565574520,North Nancy,Cote d'Ivoire
361,John Miller,yatessusan@johnson.info,5250215000,Douglashaven,Jordan
362,Jose Elliott,patricia16@king-brooks.com,2063439895,Catherinehaven,Tanzania
363,Mandy Clark,pattersonrobert@west.org,3768345804,Kevinview,Mozambique
364,Crystal Patton,anthonycastillo@yahoo.com,5096090151,Tammyton,Singapore
365,Joel Pearson,jennifer41@gmail.com,9405123029,Port Sarahview,Japan
366,Teresa Roberts,williamsgina@white-nelson.com,5826258742,West Wesleymouth,Sierra Leone
367,Eric Cruz,jasonmoran@anderson.com,8914606373,Fernandezchester,Belize
368,James Gates,ppatel@yahoo.com,6540134365,Port Annshire,Comoros
369,David Thomas,udavis@yahoo.com,6903470776,Millsberg,Congo
370,John Lowe,brian34@gmail.com,1323901953,Warrenmouth,Gibraltar
371,Jill Washington,jfranklin@willis-smith.com,4109139255,South Craig,United States Virgin Islands
372,Molly Campbell MD,williamsjustin@allen-brooks.com,4860299577,Michaelmouth,Italy
373,Anna Johnson,jeffreypruitt@garcia.com,5597513250,Smithfurt,Finland
374,Thomas Richards,patriciamccormick@hotmail.com,5834211560,North Lindafurt,Mayotte
375,Whitney Mason,mccalljeremy@wall-fernandez.com,3411110415,Port Markchester,Morocco
376,Clarence Ross,jennifergarcia@allen-martin.com,2016098059,Victoriaport,Gabon
377,Matthew Davis,zgonzales@andrews.biz,6329446770,Rayhaven,Australia
378,Christopher Rios,tiffany52@hotmail.com,3550306863,Kingtown,Zambia
379,Jessica Thompson,gina02@parker-lopez.biz,7765453574,North Michelle,Samoa
380,Angela Moore,hodgesnatasha@hotmail.com,1829211834,Donnastad,Indonesia
381,Samantha Scott,kingpatricia@gmail.com,6555130434,Andrewsport,Kuwait
382,John Davis,christopherponce@delacruz.com,2079890362,South Michael,Kazakhstan
383,Jaime Martin,dhanson@hotmail.com,4778278782,North Jennifer,Central African Republic
384,Jeffrey West,lking@hotmail.com,7988576840,Brandonmouth,Norfolk Island
385,James Brown,ibridges@gmail.com,1755998231,West Emily,Sierra Leone
386,Mr. Donald Mack,jennifervalencia@jackson.info,1074236909,South Kyle,Grenada
387,Craig Brennan,pittsbrent@grimes.com,2290511738,Hayeschester,Israel
388,Samantha Mckee,wnelson@dixon.biz,6014299040,New Lisa,Nauru
389,James Brandt,kaitlin51@hotmail.com,2603900561,New Bethstad,Nauru
390,Melissa Washington,samantha45@rodriguez.org,7159996858,Port Cory,Bouvet Island (Bouvetoya)
391,Barbara Yates,opowell@arroyo.com,6235918744,East Cody,Saint Barthelemy
392,Monica Hicks,lanekathleen@hill-collins.com,6508248705,Port Jenniferfurt,Kuwait
393,Carol Smith,michaelbutler@stevenson.info,5105462407,Bryanside,Venezuela
394,Leslie Logan,haroldgordon@hotmail.com,8253902663,Crystalbury,Latvia
395,Dale Brown,cstevens@griffin.com,4148908754,Jonathanville,Andorra
396,Dustin Scott,rebecca29@hotmail.com,7802402088,East Megan,Sri Lanka
397,Erika Keith,mpatrick@gmail.com,9076561512,East Richard,Gambia
398,Summer Walker,tammy97@miller.biz,7590368999,Brandonton,Marshall Islands
399,Joshua Perez,noah87@moore.org,2542598539,Smithchester,Turkey
400,James Harris,stanley64@glenn.com,6098289164,Lake Nicoleland,Cocos (Keeling) Islands
401,Judith Sanchez,lhubbard@schmidt.com,7264777805,Beardland,Latvia
402,Danielle Newman,ebonybailey@hotmail.com,2532723376,Gregoryville,South Africa
403,Joseph Hall,fwhite@gmail.com,7127073389,Ashleyborough,Comoros
404,Matthew Moore,wmccormick@yahoo.com,4920578748,Mcphersonport,Costa Rica
405,Patrick Thomas PhD,jade43@hotmail.com,4679658652,Maryborough,Jordan
406,Bryan Velasquez,sean41@gmail.com,4303472678,South Kathrynfort,Bulgaria
407,Zachary Russell,brianjohnson@maxwell.net,4548166190,West Shannonburgh,Bulgaria
408,Darryl Nguyen,grhodes@foster.info,1768355158,Andersonborough,Mozambique
409,Paul Choi,steve45@yahoo.com,1903660341,Lanceborough,Liberia
410,Sheri Brady,rmorgan@yahoo.com,2311754900,Griffinfort,Grenada
411,Susan Gonzalez,haleyflowers@hotmail.com,1808185497,Amyshire,Belize
412,Devin Gomez,juliamclean@scott-duffy.com,9221124994,Laurenbury,Colombia
413,Joseph Morris,maria29@gmail.com,5867112903,Port Kellytown,Nepal
414,Stephanie Gonzales,gmacias@diaz-cook.com,7591654093,Arnoldbury,Palestinian Territory
415,Kimberly Sanders,hannaanne@gmail.com,2215536649,West Joshuatown,Lithuania
416,Crystal Castro,bonniewright@hotmail.com,8122997117,Galvanville,Guyana
417,Caroline Ayala,jamesrivera@reyes.com,5998254590,Ericland,Bangladesh
418,Christopher Burton,kelligraham@roberts.info,1662345688,New Sergio,Saint Lucia
419,Allison Calhoun,gonzalezstephanie@hotmail.com,3791453794,Williamville,New Caledonia
420,Austin Benjamin,jmcpherson@robertson.com,8414474587,Lake Brian,Netherlands
421,Terry Wright,bennetttabitha@williams.com,1318837295,South Jefferystad,Tajikistan
422,Donald Martin,sanchezthomas@gmail.com,4305487938,Dakotabury,India
423,Heather Owen,johnsonbethany@scott-anderson.info,7820642125,Younghaven,Aruba
424,Kevin Rangel,lthompson@scott.info,7354819679,South Brenda,Monaco
425,David Patterson,zmckenzie@hotmail.com,8163128550,South Davidville,Sri Lanka
426,Jerome Marsh,williamsjacob@hotmail.com,7025428454,Maldonadobury,Antarctica (the territory South of 60 deg S)
427,Gregory Santana,gclark@yahoo.com,1708237958,Port Kimberlyberg,United States Minor Outlying Islands
428,Jason Potter,haydensanders@yahoo.com,6216278133,North Stephenshire,Korea
429,Ryan Harper,charlesmeyers@yahoo.com,4993621088,Port Christopher,China
430,Teresa Brown,denisefloyd@campos.com,2516850829,Sarahtown,Germany
431,Jared Rios,xholland@wright.biz,3572850497,Lake Jorgehaven,Suriname
432,Gina Morris,dawn54@gmail.com,3401709066,North Wesley,Guyana
433,Audrey Howell,carolyn03@carr.com,6193677560,East Marie,Zambia
434,Bruce West,dsmith@yahoo.com,3706603186,Lake Lori,Montserrat
435,Kenneth Thomas,bradleybrooks@neal.com,5793262668,Liufort,Bolivia
436,Wanda Bradford,obrientimothy@yahoo.com,4784156438,North Ashley,Burundi
437,Jessica Baker,andreapatterson@hotmail.com,5063351096,Kellyport,Bolivia
438,Johnathan Lawrence,hallphilip@werner.com,9717673630,Lake Malik,Myanmar
439,Jessica Brown,warddestiny@gmail.com,7994697815,Russellmouth,Czech Republic
440,Ricky Davis,harperscott@yahoo.com,3815993752,Victoriaview,Bouvet Island (Bouvetoya)
441,Brandy Proctor,hinescody@wells.com,3134024571,New John,Thailand
442,Stephanie Hardin,maciasdavid@carlson-vega.biz,6062426491,Gilesfurt,Sierra Leone
443,Crystal Johnson,avelazquez@gmail.com,5631421407,North Debra,Albania
444,Alexis Sanders,james98@miller-richardson.com,9159716572,Lake Sara,Liberia
445,Jeremy Small,kathleenmiller@yahoo.com,7906310991,North Kelly,Bahrain
446,Tamara Dyer,pbrown@thomas-willis.com,1304806917,New Vanessa,Mauritius
447,Brandon Chan,xbates@carpenter-zamora.org,7974656474,Woodland,Hong Kong
448,Richard Scott,dcollins@walters-hernandez.info,4624891598,New Robert,Iran
449,Andrew Barnes,ekoch@dean.net,8989305134,South Gabrielmouth,Iran
450,Robin Ray,nboone@stewart.com,9310966741,New Diane,Ukraine
451,Christopher Coffey,hopkinsmegan@yahoo.com,2959030858,Jamesville,Bouvet Island (Bouvetoya)
452,Marilyn Ward,melissarandall@quinn-hunt.com,9513475736,Jasonstad,Morocco
453,Caitlin Young,kelly66@gmail.com,7658792836,East Sarahhaven,Northern Mariana Islands
454,Robert Wilson,barbara10@martinez.com,8868289562,Sarahmouth,Saint Vincent and the Grenadines
455,Tracy Collins,obrown@yahoo.com,3781049442,Lake Rhonda,Bahamas
456,Greg Riggs,qjones@mooney.com,2262059399,South Karenfort,Brunei Darussalam
457,Jonathan Hines,dramsey@mcmahon.org,3988354843,Chentown,Eritrea
458,Jamie Brown,mcraig@peterson.com,2730874509,South Ashleyside,Luxembourg
459,Jennifer Walker,rogersjohn@rivera-riley.org,7109163655,Stacyville,Cayman Islands
460,Amy Blankenship,lbrennan@simmons.com,1768841387,Colleenview,New Zealand
461,Michelle Martinez,rachelramirez@kline.org,5429334220,South Lesliestad,Slovakia (Slovak Republic)
462,Shawn Schaefer,christiandavis@padilla.com,3408125764,Ernesthaven,Ghana
463,Henry Allen,andrewporter@gmail.com,2758159979,Deborahburgh,Uruguay
464,Mr. Brandon Mahoney,matthewgomez@hotmail.com,5793106502,North Brittany,Bahamas
465,Tracey Hall,balljessica@hotmail.com,1335377595,East Christine,Montenegro
466,Erin Sims,fdavila@yahoo.com,1333624176,Janiceland,Belize
467,Megan Wilson,robertward@hotmail.com,5518363620,Duncantown,Libyan Arab Jamahiriya
468,Sherri Schneider,susan05@drake.net,9261275258,Jessicahaven,Australia
469,Curtis Sandoval,brockjohn@hotmail.com,7313658833,Williamsborough,Montserrat
470,Craig Huang DVM,evansmelissa@yahoo.com,3148681541,Johnport,Jordan
471,Robert Maxwell,jessicagibson@farmer-marshall.com,5197348119,Lake Darryl,Micronesia
472,Tara Davila,edwin66@gonzalez.biz,9460067924,New Reneeville,Mali
473,Charles Burch,clintonlewis@gmail.com,9640359504,Lake Bruce,Switzerland
474,Bryan Clark,sanchezjulie@morales-barnett.com,9949203790,West Melanie,Wallis and Futuna
475,Zachary Jackson,angelawolfe@ramirez.com,8315067871,New Claireville,Turkey
476,Brian Norris,kathybell@owens.biz,5169332459,East Rhonda,Cayman Islands
477,Lynn Frazier,brian94@patel.com,2363146669,North Marcus,Benin
478,Christina David,sarahhodge@foster.com,9322069421,Brayberg,Armenia
479,Krystal Hood,stevenlewis@yahoo.com,3446987768,Lake Rachael,Central African Republic
480,Lindsey Ford,isaacstanley@gmail.com,6403811448,Claudiachester,Norway
481,Desiree Jones,christopheralvarado@gmail.com,9666948065,Sanchezville,Ethiopia
482,Emily Fitzgerald,jessicalowery@castillo.com,3643982397,Kentfurt,Dominican Republic
483,Alexander Gross,regina09@allen-jackson.com,9843441279,West Danielmouth,Saint Martin
484,Jill Mays,alexandriaherring@hotmail.com,9476377700,Perryhaven,Serbia
485,Thomas Barrett,herreraheidi@hotmail.com,3217597427,New Matthew,Niger
486,Eddie Collier,obrienanne@gmail.com,2859579912,Acevedobury,Northern Mariana Islands
487,Shane Walker,marshallrandall@yahoo.com,4608160172,Timothyport,Djibouti
488,Jason Watson,markhubbard@hotmail.com,2875109515,South Melissaberg,Puerto Rico
489,Angel Gonzalez,joshuamullins@avila.com,2651343020,Port Bradley,Congo
490,Frederick Pena,johnturner@hotmail.com,8567415577,Brandonfurt,Samoa
491,Shane White,uwelch@mccann.com,1471186675,Patriciastad,Algeria
492,Edward Rice,prichard@yahoo.com,7327476712,New Nathaniel,Kuwait
493,Eric Sanders,froberts@gmail.com,5775653990,Morrisview,Ethiopia
494,Amanda Tran,charlesdoyle@hotmail.com,7271604784,West Danahaven,India
495,Mr. Jonathan Moody,shawn56@jones.org,5388847000,Foxville,Moldova
496,Brian Lawrence,jonesdavid@yahoo.com,5535535608,Herreramouth,Netherlands Antilles
497,Karen Sanchez,michael95@yahoo.com,4155820638,Lake Amber,Pakistan
498,Jennifer Weiss,samantha33@silva-solis.org,8193809681,Kevinstad,Mongolia
499,Richard Duran,tcarter@gmail.com,4875941148,East Jamesville,Anguilla
500,Cathy Ramos,morgancordova@sharp.com,2935602332,Jimmybury,Portugal
